age,sex,region,income,married,children,car,save_act,current_act,mortgage,pep
48,FEMALE,INNER_CITY,17546,NO,1,NO,NO,NO,NO,YES
40,MALE,TOWN,30085,YES,3,YES,NO,YES,YES,NO
51,FEMALE,INNER_CITY,16575,YES,0,YES,YES,YES,NO,NO
23,FEMALE,TOWN,20375,YES,3,NO,NO,YES,NO,NO
57,FEMALE,RURAL,50576,YES,0,NO,YES,NO,NO,NO
57,FEMALE,TOWN,37869,YES,2,NO,YES,YES,NO,YES
22,MALE,RURAL,8877,NO,0,NO,NO,YES,NO,YES
58,MALE,TOWN,24946,YES,0,YES,YES,YES,NO,NO
37,FEMALE,SUBURBAN,25304,YES,2,YES,NO,NO,NO,NO
54,MALE,TOWN,24212,YES,2,YES,YES,YES,NO,NO
66,FEMALE,TOWN,59803,YES,0,NO,YES,YES,NO,NO
52,FEMALE,INNER_CITY,26658,NO,0,YES,YES,YES,YES,NO
44,FEMALE,TOWN,15735,YES,1,NO,YES,YES,YES,YES
66,FEMALE,TOWN,55204,YES,1,YES,YES,YES,YES,YES
36,MALE,RURAL,19474,YES,0,NO,YES,YES,YES,NO
38,FEMALE,INNER_CITY,22342,YES,0,YES,YES,YES,YES,NO
37,FEMALE,TOWN,17729,YES,2,NO,NO,NO,YES,NO
46,FEMALE,SUBURBAN,41016,YES,0,NO,YES,NO,YES,NO
62,FEMALE,INNER_CITY,26909,YES,0,NO,YES,NO,NO,YES
31,MALE,TOWN,22522,YES,0,YES,YES,YES,NO,NO
61,MALE,INNER_CITY,57880,YES,2,NO,YES,NO,NO,YES
50,MALE,TOWN,16497,YES,2,NO,YES,YES,NO,NO
54,MALE,INNER_CITY,38446,YES,0,NO,YES,YES,NO,NO
27,FEMALE,TOWN,15538,NO,0,YES,YES,YES,YES,NO
22,MALE,INNER_CITY,12640,NO,2,YES,YES,YES,NO,NO
56,MALE,INNER_CITY,41034,YES,0,YES,YES,YES,YES,NO
45,MALE,INNER_CITY,20809,YES,0,NO,YES,YES,YES,NO
39,FEMALE,TOWN,20114,YES,1,NO,NO,YES,NO,YES
39,FEMALE,INNER_CITY,29359,NO,3,YES,NO,YES,YES,NO
61,MALE,RURAL,24270,YES,1,NO,NO,YES,NO,YES
61,FEMALE,RURAL,22942,YES,2,NO,YES,YES,NO,NO
20,FEMALE,TOWN,16325,YES,2,NO,YES,NO,NO,NO
45,MALE,SUBURBAN,23443,YES,1,YES,YES,YES,NO,YES
33,FEMALE,INNER_CITY,29921,NO,3,YES,YES,NO,NO,NO
43,MALE,SUBURBAN,37521,NO,0,NO,YES,YES,NO,YES
27,FEMALE,INNER_CITY,19868,YES,2,NO,YES,YES,NO,NO
19,MALE,RURAL,10953,YES,3,YES,YES,YES,NO,NO
36,FEMALE,RURAL,13381,NO,0,YES,NO,YES,NO,YES
43,FEMALE,TOWN,18504,YES,0,YES,YES,YES,NO,NO
66,FEMALE,SUBURBAN,25391,NO,2,NO,NO,YES,NO,NO
55,MALE,TOWN,26774,YES,0,NO,NO,YES,YES,YES
47,FEMALE,INNER_CITY,26952,YES,0,YES,NO,YES,NO,NO
67,MALE,TOWN,55716,NO,2,YES,YES,NO,NO,YES
32,FEMALE,TOWN,27571,YES,0,YES,NO,YES,YES,NO
20,MALE,INNER_CITY,13740,NO,2,YES,YES,YES,YES,NO
64,MALE,INNER_CITY,52670,YES,2,NO,YES,YES,YES,YES
50,FEMALE,INNER_CITY,13283,NO,1,YES,YES,YES,NO,YES
29,MALE,INNER_CITY,13106,NO,2,NO,YES,YES,YES,YES
52,MALE,INNER_CITY,39547,NO,2,YES,NO,YES,NO,YES
47,FEMALE,RURAL,17867,YES,2,YES,YES,NO,NO,NO
24,MALE,TOWN,14309,NO,2,YES,YES,NO,NO,NO
36,MALE,TOWN,23894,YES,0,NO,NO,NO,NO,NO
43,MALE,TOWN,16259,YES,1,NO,YES,YES,NO,YES
48,MALE,SUBURBAN,29794,NO,1,NO,YES,YES,NO,YES
63,MALE,TOWN,56842,YES,0,NO,YES,YES,YES,NO
52,FEMALE,RURAL,47835,NO,3,NO,YES,NO,NO,YES
58,FEMALE,INNER_CITY,24977,NO,0,NO,NO,YES,NO,YES
28,MALE,INNER_CITY,23124,YES,0,NO,YES,YES,NO,YES
29,FEMALE,INNER_CITY,15143,YES,0,NO,NO,YES,NO,NO
34,MALE,INNER_CITY,25334,NO,1,YES,YES,YES,YES,YES
42,FEMALE,INNER_CITY,24763,YES,1,NO,YES,YES,YES,YES
65,FEMALE,INNER_CITY,36589,NO,1,YES,NO,YES,NO,YES
47,MALE,INNER_CITY,27022,YES,2,NO,YES,YES,NO,NO
20,MALE,INNER_CITY,11700,YES,0,NO,YES,NO,NO,NO
21,MALE,TOWN,5014,NO,0,YES,YES,YES,YES,NO
42,MALE,INNER_CITY,17390,YES,0,NO,YES,YES,NO,NO
19,MALE,TOWN,10861,NO,2,NO,YES,YES,NO,NO
41,FEMALE,TOWN,34892,NO,0,NO,YES,YES,YES,NO
30,MALE,TOWN,19403,NO,2,NO,YES,YES,NO,NO
31,FEMALE,RURAL,10441,YES,2,NO,NO,YES,NO,YES
25,MALE,INNER_CITY,14064,YES,3,YES,YES,YES,NO,NO
21,MALE,INNER_CITY,8062,NO,0,NO,NO,YES,NO,YES
36,MALE,INNER_CITY,31982,YES,3,YES,YES,YES,YES,YES
58,FEMALE,INNER_CITY,23197,YES,2,NO,YES,NO,YES,NO
64,FEMALE,INNER_CITY,52674,NO,2,YES,YES,YES,NO,YES
59,FEMALE,RURAL,35610,NO,2,YES,NO,NO,NO,YES
45,FEMALE,TOWN,26948,NO,0,NO,YES,YES,YES,NO
61,MALE,INNER_CITY,49456,YES,1,YES,YES,YES,YES,YES
30,FEMALE,INNER_CITY,14724,YES,0,YES,NO,YES,NO,NO
58,FEMALE,TOWN,34524,YES,2,YES,YES,NO,NO,YES
50,FEMALE,TOWN,22052,NO,3,NO,YES,YES,NO,YES
30,MALE,INNER_CITY,27808,NO,3,NO,NO,YES,NO,NO
29,FEMALE,INNER_CITY,12591,YES,1,NO,YES,YES,NO,NO
35,MALE,INNER_CITY,16394,YES,1,NO,YES,YES,NO,YES
62,MALE,INNER_CITY,24026,YES,0,NO,NO,YES,YES,YES
36,MALE,INNER_CITY,31683,YES,1,YES,YES,YES,NO,YES
25,FEMALE,INNER_CITY,15525,YES,0,NO,YES,YES,NO,NO
66,FEMALE,TOWN,22562,NO,0,YES,YES,YES,YES,NO
30,MALE,SUBURBAN,15848,YES,0,YES,YES,NO,YES,NO
54,FEMALE,INNER_CITY,31095,YES,2,NO,NO,YES,NO,YES
37,MALE,TOWN,24814,YES,1,YES,NO,YES,YES,YES
28,FEMALE,INNER_CITY,25429,NO,2,NO,YES,YES,YES,NO
53,FEMALE,RURAL,34866,NO,0,NO,NO,YES,NO,YES
61,MALE,INNER_CITY,42579,YES,2,YES,YES,YES,NO,NO
61,FEMALE,INNER_CITY,41127,YES,0,YES,YES,NO,NO,NO
18,FEMALE,INNER_CITY,9990,YES,0,NO,YES,YES,NO,NO
22,MALE,INNER_CITY,7948,YES,1,NO,NO,NO,YES,NO
34,MALE,TOWN,30870,YES,2,YES,YES,YES,YES,YES
35,FEMALE,INNER_CITY,12125,NO,2,NO,YES,YES,NO,NO
18,FEMALE,RURAL,15348,YES,0,YES,NO,YES,NO,NO
54,MALE,INNER_CITY,26707,YES,1,NO,YES,YES,YES,YES
27,FEMALE,INNER_CITY,11604,YES,2,YES,YES,YES,NO,NO
42,MALE,INNER_CITY,15499,YES,0,YES,NO,YES,YES,YES
43,MALE,TOWN,33088,NO,0,NO,YES,YES,YES,NO
64,FEMALE,INNER_CITY,34513,YES,1,NO,YES,YES,NO,YES
43,MALE,TOWN,32395,YES,3,YES,YES,YES,NO,NO
49,MALE,RURAL,46633,YES,0,YES,YES,NO,NO,NO
23,MALE,INNER_CITY,13039,YES,0,NO,NO,YES,NO,NO
23,MALE,INNER_CITY,12681,NO,0,NO,YES,YES,NO,YES
30,FEMALE,INNER_CITY,24031,YES,2,YES,YES,YES,YES,NO
36,MALE,TOWN,37330,NO,2,NO,YES,YES,NO,YES
34,MALE,INNER_CITY,25333,YES,3,YES,NO,NO,YES,NO
51,FEMALE,INNER_CITY,37094,YES,0,YES,NO,YES,NO,NO
36,MALE,TOWN,33630,NO,2,YES,YES,YES,NO,YES
56,MALE,INNER_CITY,43228,YES,1,YES,YES,YES,NO,YES
54,FEMALE,INNER_CITY,47796,YES,0,NO,YES,YES,NO,NO
56,FEMALE,TOWN,21730,YES,2,NO,YES,NO,NO,NO
26,MALE,INNER_CITY,10044,YES,3,NO,YES,YES,YES,NO
39,MALE,TOWN,17270,NO,0,YES,NO,NO,NO,YES
64,FEMALE,RURAL,45765,YES,3,YES,YES,YES,NO,YES
46,MALE,RURAL,29525,NO,2,NO,YES,NO,YES,NO
62,FEMALE,RURAL,54863,YES,1,YES,YES,YES,NO,YES
36,FEMALE,TOWN,20799,YES,1,NO,YES,NO,YES,YES
35,FEMALE,RURAL,33028,NO,1,NO,YES,YES,NO,YES
47,MALE,RURAL,45031,NO,3,YES,YES,NO,NO,YES
47,MALE,INNER_CITY,39010,YES,2,NO,NO,YES,NO,YES
37,FEMALE,TOWN,25257,YES,0,YES,YES,YES,NO,NO
48,FEMALE,INNER_CITY,42603,YES,0,NO,YES,YES,NO,NO
41,MALE,TOWN,14092,YES,3,YES,YES,YES,NO,NO
27,FEMALE,RURAL,21350,NO,0,YES,YES,YES,NO,YES
43,MALE,INNER_CITY,23246,NO,2,NO,NO,YES,NO,NO
61,MALE,RURAL,41609,YES,3,NO,YES,YES,YES,NO
52,FEMALE,SUBURBAN,16716,NO,2,YES,YES,YES,NO,NO
64,FEMALE,SUBURBAN,36436,YES,0,YES,NO,YES,NO,NO
66,FEMALE,TOWN,59503,YES,2,YES,YES,YES,YES,YES
53,FEMALE,TOWN,31334,YES,1,YES,YES,YES,NO,YES
20,FEMALE,INNER_CITY,14048,YES,2,YES,NO,YES,YES,NO
57,FEMALE,INNER_CITY,39205,NO,0,NO,YES,YES,NO,YES
65,FEMALE,RURAL,42173,YES,0,NO,YES,YES,NO,NO
64,FEMALE,INNER_CITY,55263,NO,1,NO,YES,YES,NO,YES
52,MALE,INNER_CITY,37095,YES,3,NO,YES,YES,NO,NO
47,FEMALE,INNER_CITY,22791,YES,0,NO,NO,YES,NO,NO
28,FEMALE,TOWN,17240,YES,1,YES,NO,NO,YES,NO
64,MALE,TOWN,48974,YES,0,YES,YES,YES,YES,NO
25,MALE,INNER_CITY,18923,YES,1,NO,YES,YES,NO,YES
58,MALE,SUBURBAN,51204,YES,0,NO,YES,NO,YES,YES
34,MALE,TOWN,20236,YES,2,YES,NO,YES,NO,NO
20,FEMALE,INNER_CITY,18860,NO,2,NO,YES,YES,NO,NO
63,MALE,RURAL,25732,YES,0,YES,YES,NO,NO,NO
30,FEMALE,SUBURBAN,28240,YES,3,YES,YES,YES,NO,NO
53,MALE,RURAL,28193,YES,1,YES,YES,YES,NO,YES
43,MALE,TOWN,36432,NO,2,YES,NO,YES,NO,YES
63,MALE,TOWN,54618,YES,2,NO,YES,NO,YES,YES
33,MALE,INNER_CITY,24760,YES,1,NO,YES,YES,YES,YES
41,MALE,RURAL,23356,NO,2,YES,NO,NO,NO,NO
20,FEMALE,SUBURBAN,8143,YES,2,NO,YES,YES,NO,YES
50,MALE,TOWN,26462,YES,0,YES,YES,YES,NO,NO
24,MALE,RURAL,20467,YES,2,YES,YES,YES,NO,NO
60,FEMALE,TOWN,21506,YES,0,NO,NO,YES,NO,YES
44,FEMALE,TOWN,15315,YES,1,NO,YES,YES,NO,YES
23,MALE,INNER_CITY,18875,YES,2,YES,YES,YES,NO,NO
40,FEMALE,INNER_CITY,12977,YES,0,NO,NO,NO,NO,NO
49,FEMALE,TOWN,20708,NO,3,NO,NO,YES,NO,NO
21,FEMALE,TOWN,7549,NO,1,YES,NO,YES,NO,NO
40,FEMALE,INNER_CITY,24904,YES,0,NO,NO,NO,NO,NO
26,MALE,RURAL,24071,YES,1,NO,NO,YES,YES,YES
20,MALE,TOWN,9589,NO,1,NO,YES,YES,YES,NO
24,MALE,INNER_CITY,8562,NO,1,NO,NO,NO,YES,NO
37,FEMALE,TOWN,26707,NO,0,YES,YES,YES,NO,NO
56,MALE,INNER_CITY,34020,YES,0,NO,NO,YES,NO,NO
52,MALE,INNER_CITY,49175,YES,0,YES,YES,YES,NO,NO
22,MALE,INNER_CITY,19726,YES,2,NO,NO,YES,NO,NO
35,MALE,INNER_CITY,24346,YES,3,YES,YES,YES,NO,NO
34,MALE,RURAL,26999,YES,1,YES,YES,YES,NO,YES
67,FEMALE,TOWN,41558,YES,2,NO,YES,YES,NO,YES
58,FEMALE,INNER_CITY,56340,NO,0,NO,YES,YES,NO,YES
40,MALE,TOWN,37558,YES,0,YES,YES,YES,NO,NO
41,FEMALE,INNER_CITY,30099,YES,0,YES,YES,YES,YES,YES
43,MALE,INNER_CITY,15254,YES,0,NO,NO,NO,NO,YES
63,MALE,INNER_CITY,36086,YES,2,NO,NO,YES,NO,YES
22,FEMALE,INNER_CITY,17655,YES,1,NO,YES,YES,YES,YES
60,MALE,RURAL,56658,NO,0,NO,YES,YES,NO,YES
65,FEMALE,INNER_CITY,37706,NO,0,YES,YES,YES,YES,NO
48,FEMALE,INNER_CITY,18516,YES,2,YES,YES,YES,YES,NO
38,FEMALE,INNER_CITY,29622,NO,0,YES,YES,NO,YES,NO
49,MALE,RURAL,32669,YES,1,YES,YES,YES,YES,YES
20,FEMALE,INNER_CITY,18275,YES,0,NO,NO,NO,YES,YES
48,FEMALE,TOWN,34410,YES,1,NO,NO,YES,NO,YES
38,MALE,INNER_CITY,34866,YES,2,YES,NO,YES,YES,NO
41,FEMALE,INNER_CITY,21796,YES,0,NO,NO,YES,NO,NO
67,FEMALE,SUBURBAN,63130,YES,2,YES,YES,YES,NO,YES
39,MALE,INNER_CITY,14996,YES,1,YES,YES,NO,NO,NO
64,FEMALE,RURAL,49024,YES,3,NO,YES,YES,NO,YES
41,MALE,INNER_CITY,16249,YES,0,YES,NO,YES,YES,YES
55,MALE,SUBURBAN,36192,YES,2,YES,NO,YES,NO,YES
52,MALE,INNER_CITY,17839,YES,1,NO,YES,NO,YES,YES
30,FEMALE,INNER_CITY,18802,NO,0,NO,NO,YES,YES,YES
52,MALE,INNER_CITY,48720,YES,2,YES,YES,YES,NO,YES
26,MALE,INNER_CITY,14585,NO,2,NO,NO,YES,YES,NO
26,FEMALE,INNER_CITY,20819,YES,0,NO,YES,YES,NO,YES
46,MALE,TOWN,26077,YES,1,YES,YES,YES,NO,YES
46,FEMALE,TOWN,41627,YES,0,NO,YES,YES,YES,NO
52,MALE,INNER_CITY,16977,YES,0,NO,NO,YES,NO,NO
37,MALE,INNER_CITY,19012,NO,3,YES,NO,YES,NO,NO
22,MALE,INNER_CITY,12764,YES,1,NO,YES,YES,YES,YES
18,MALE,INNER_CITY,14388,NO,0,YES,NO,YES,YES,YES
63,MALE,INNER_CITY,59409,NO,0,YES,YES,YES,NO,YES
25,FEMALE,INNER_CITY,14960,YES,0,NO,YES,YES,YES,NO
67,MALE,INNER_CITY,39666,YES,0,YES,YES,YES,NO,NO
27,MALE,INNER_CITY,20771,NO,0,NO,YES,NO,NO,YES
61,MALE,INNER_CITY,24474,NO,0,YES,NO,NO,NO,YES
58,MALE,TOWN,33123,YES,1,YES,YES,YES,NO,YES
22,MALE,INNER_CITY,14433,YES,0,YES,YES,YES,NO,YES
28,MALE,TOWN,13175,NO,1,NO,NO,YES,NO,YES
23,MALE,INNER_CITY,9824,YES,0,NO,YES,YES,NO,NO
27,MALE,SUBURBAN,17610,YES,0,NO,YES,YES,NO,NO
27,FEMALE,SUBURBAN,15156,YES,0,YES,NO,YES,NO,NO
40,FEMALE,INNER_CITY,31774,YES,3,YES,YES,YES,YES,NO
39,MALE,TOWN,31693,NO,0,YES,YES,NO,NO,YES
35,FEMALE,INNER_CITY,28598,YES,0,YES,YES,YES,NO,NO
37,FEMALE,INNER_CITY,26261,NO,2,YES,NO,NO,NO,NO
47,MALE,INNER_CITY,42124,YES,2,NO,YES,YES,NO,YES
42,FEMALE,INNER_CITY,39308,YES,1,NO,YES,YES,NO,YES
67,FEMALE,INNER_CITY,43530,YES,0,NO,YES,YES,YES,NO
57,MALE,RURAL,49874,YES,3,NO,YES,YES,NO,YES
47,FEMALE,RURAL,27434,NO,0,YES,YES,YES,NO,YES
67,MALE,INNER_CITY,50474,YES,2,YES,YES,YES,NO,YES
56,MALE,TOWN,24888,NO,0,NO,YES,YES,NO,YES
37,MALE,RURAL,28021,NO,0,YES,NO,YES,YES,YES
27,MALE,INNER_CITY,12279,NO,0,YES,NO,NO,NO,YES
59,FEMALE,INNER_CITY,30189,YES,0,YES,NO,YES,YES,YES
31,MALE,INNER_CITY,28969,NO,1,NO,NO,YES,YES,NO
31,MALE,SUBURBAN,14058,YES,0,NO,NO,YES,YES,YES
32,FEMALE,TOWN,30404,YES,0,YES,YES,YES,NO,NO
57,FEMALE,RURAL,41438,NO,3,NO,YES,NO,NO,NO
49,FEMALE,INNER_CITY,16711,NO,1,NO,YES,YES,YES,YES
65,MALE,TOWN,52255,NO,2,YES,YES,YES,NO,YES
22,FEMALE,INNER_CITY,17866,YES,2,NO,YES,YES,YES,NO
26,FEMALE,RURAL,18067,YES,2,NO,YES,NO,NO,NO
23,MALE,INNER_CITY,12823,YES,0,YES,YES,YES,NO,NO
26,FEMALE,RURAL,11299,YES,2,YES,NO,NO,NO,NO
59,FEMALE,INNER_CITY,56031,NO,0,YES,YES,YES,NO,YES
67,MALE,INNER_CITY,35263,YES,1,YES,YES,YES,NO,YES
34,FEMALE,INNER_CITY,19968,YES,0,YES,YES,YES,NO,NO
50,MALE,RURAL,27825,YES,2,YES,YES,NO,NO,NO
46,MALE,SUBURBAN,37773,NO,0,YES,YES,YES,YES,NO
23,FEMALE,INNER_CITY,7606,NO,3,YES,NO,NO,NO,NO
26,MALE,RURAL,21384,YES,0,NO,NO,YES,NO,NO
40,MALE,TOWN,20347,YES,3,NO,YES,YES,NO,NO
36,MALE,TOWN,21332,YES,3,YES,NO,YES,NO,NO
65,MALE,INNER_CITY,57671,NO,0,NO,YES,YES,YES,NO
45,FEMALE,TOWN,36057,YES,1,YES,YES,YES,YES,YES
23,MALE,INNER_CITY,14290,YES,2,NO,NO,YES,YES,NO
42,FEMALE,TOWN,17882,YES,1,NO,NO,NO,NO,YES
21,FEMALE,RURAL,10629,NO,3,NO,YES,YES,YES,NO
62,FEMALE,INNER_CITY,24262,NO,0,YES,NO,YES,NO,YES
49,FEMALE,SUBURBAN,26097,NO,2,NO,YES,YES,NO,NO
28,FEMALE,TOWN,23371,YES,2,NO,NO,YES,YES,NO
38,FEMALE,TOWN,21495,NO,3,NO,NO,YES,YES,NO
36,MALE,TOWN,12166,NO,0,NO,NO,NO,NO,NO
22,MALE,SUBURBAN,17180,YES,0,NO,YES,YES,NO,NO
40,FEMALE,TOWN,28882,YES,1,NO,YES,YES,YES,YES
40,FEMALE,TOWN,21612,YES,0,NO,NO,YES,NO,NO
60,FEMALE,INNER_CITY,46358,YES,0,YES,YES,YES,YES,NO
23,MALE,INNER_CITY,19166,NO,0,YES,YES,NO,NO,YES
21,MALE,INNER_CITY,17921,YES,1,YES,NO,NO,NO,YES
58,MALE,TOWN,33229,NO,0,YES,YES,YES,NO,YES
48,FEMALE,SUBURBAN,30396,NO,0,NO,YES,YES,NO,YES
63,FEMALE,TOWN,34625,YES,0,YES,NO,YES,NO,NO
20,MALE,TOWN,16672,NO,3,YES,NO,YES,YES,NO
67,FEMALE,SUBURBAN,60747,NO,2,NO,YES,YES,YES,YES
62,FEMALE,INNER_CITY,56394,NO,0,YES,YES,YES,NO,YES
36,MALE,TOWN,13236,YES,0,NO,YES,YES,NO,NO
31,MALE,INNER_CITY,28409,YES,1,YES,NO,YES,NO,YES
42,FEMALE,INNER_CITY,27056,YES,0,YES,YES,YES,NO,NO
18,MALE,RURAL,9362,YES,0,YES,NO,YES,YES,YES
46,FEMALE,SUBURBAN,28702,NO,1,NO,YES,YES,YES,YES
25,MALE,TOWN,22366,YES,1,YES,YES,YES,NO,YES
65,FEMALE,RURAL,24477,NO,0,NO,YES,NO,YES,NO
40,MALE,TOWN,36972,YES,1,NO,NO,YES,YES,YES
32,MALE,INNER_CITY,22327,YES,1,NO,NO,NO,NO,YES
18,FEMALE,INNER_CITY,15610,YES,0,NO,YES,YES,NO,NO
64,MALE,INNER_CITY,54314,YES,1,YES,YES,NO,NO,YES
43,FEMALE,INNER_CITY,39175,YES,3,NO,YES,YES,YES,NO
22,FEMALE,INNER_CITY,13739,YES,3,NO,YES,YES,NO,NO
25,MALE,TOWN,9485,YES,0,NO,NO,NO,NO,NO
39,MALE,INNER_CITY,24675,YES,1,YES,YES,YES,YES,YES
58,FEMALE,INNER_CITY,28253,YES,3,NO,NO,YES,NO,NO
33,MALE,INNER_CITY,14136,YES,1,NO,YES,NO,NO,NO
52,FEMALE,RURAL,37162,YES,1,YES,YES,YES,NO,YES
23,MALE,INNER_CITY,13519,NO,0,NO,YES,YES,NO,YES
44,FEMALE,INNER_CITY,39253,NO,0,YES,YES,NO,NO,YES
51,MALE,RURAL,46323,YES,2,YES,YES,YES,YES,YES
26,FEMALE,TOWN,20950,YES,0,NO,YES,YES,NO,NO
42,MALE,TOWN,22495,YES,0,NO,YES,NO,YES,NO
34,MALE,TOWN,32548,YES,0,YES,YES,YES,YES,NO
54,FEMALE,RURAL,24583,NO,2,YES,YES,YES,YES,NO
18,MALE,RURAL,8639,YES,2,NO,NO,NO,NO,NO
47,FEMALE,INNER_CITY,17139,NO,2,YES,NO,YES,NO,NO
24,FEMALE,INNER_CITY,13667,YES,0,NO,YES,YES,NO,NO
19,FEMALE,INNER_CITY,8162,YES,1,YES,YES,YES,YES,NO
37,FEMALE,TOWN,15349,YES,0,NO,YES,NO,NO,NO
45,FEMALE,TOWN,29231,YES,0,NO,YES,NO,NO,NO
49,MALE,RURAL,41462,YES,3,NO,YES,YES,YES,NO
67,FEMALE,RURAL,57398,NO,3,NO,YES,YES,NO,YES
35,FEMALE,RURAL,11520,YES,0,NO,NO,YES,NO,NO
63,MALE,INNER_CITY,52117,NO,2,YES,YES,YES,NO,YES
38,MALE,RURAL,26281,NO,0,YES,YES,YES,NO,YES
48,MALE,TOWN,25683,NO,2,YES,YES,YES,NO,NO
28,FEMALE,INNER_CITY,11920,NO,1,NO,YES,YES,NO,NO
46,MALE,TOWN,30658,YES,0,NO,YES,YES,NO,NO
66,MALE,INNER_CITY,36646,NO,1,NO,YES,YES,NO,YES
61,FEMALE,TOWN,30760,NO,2,YES,NO,YES,NO,YES
18,FEMALE,RURAL,16109,NO,2,YES,YES,YES,NO,NO
54,FEMALE,TOWN,18036,YES,0,YES,YES,NO,NO,NO
45,MALE,RURAL,42628,NO,0,YES,YES,YES,YES,NO
60,MALE,INNER_CITY,22110,NO,2,YES,YES,YES,NO,NO
45,FEMALE,TOWN,37689,NO,1,NO,YES,YES,YES,YES
31,FEMALE,INNER_CITY,23171,NO,2,NO,YES,NO,NO,NO
39,MALE,SUBURBAN,21951,NO,0,YES,YES,YES,YES,NO
53,MALE,INNER_CITY,38103,NO,2,YES,YES,YES,NO,YES
35,MALE,RURAL,22882,YES,0,YES,NO,NO,YES,YES
25,FEMALE,TOWN,11043,YES,1,YES,YES,NO,YES,NO
32,MALE,TOWN,24027,NO,0,NO,YES,YES,NO,YES
36,MALE,SUBURBAN,28495,YES,0,NO,YES,YES,NO,NO
24,FEMALE,TOWN,9465,NO,0,NO,NO,YES,NO,YES
39,MALE,INNER_CITY,34852,YES,1,NO,YES,NO,YES,YES
24,MALE,INNER_CITY,21268,YES,0,NO,NO,YES,YES,YES
57,FEMALE,RURAL,50849,NO,1,NO,YES,NO,YES,YES
27,FEMALE,TOWN,18555,YES,3,NO,NO,YES,NO,NO
66,FEMALE,RURAL,52769,YES,3,YES,YES,YES,NO,YES
18,FEMALE,INNER_CITY,11601,YES,2,NO,YES,YES,YES,NO
33,FEMALE,TOWN,29541,YES,0,NO,YES,NO,NO,NO
48,MALE,SUBURBAN,17861,YES,2,NO,YES,YES,NO,NO
23,FEMALE,SUBURBAN,21042,YES,1,NO,NO,YES,NO,YES
44,MALE,TOWN,26688,YES,1,NO,YES,NO,YES,YES
39,MALE,INNER_CITY,26900,YES,2,NO,NO,NO,YES,NO
65,MALE,INNER_CITY,38080,YES,1,YES,YES,NO,YES,NO
60,MALE,SUBURBAN,37554,YES,2,YES,YES,YES,YES,YES
20,MALE,INNER_CITY,18184,YES,0,NO,NO,YES,YES,YES
45,FEMALE,SUBURBAN,28864,YES,0,NO,YES,YES,NO,NO
66,MALE,RURAL,48346,YES,1,YES,YES,NO,NO,YES
64,MALE,INNER_CITY,53104,YES,0,YES,YES,YES,NO,NO
51,FEMALE,INNER_CITY,19416,YES,0,NO,YES,YES,NO,NO
34,MALE,RURAL,23638,YES,2,YES,YES,YES,NO,NO
65,FEMALE,TOWN,42378,YES,1,NO,YES,YES,NO,YES
50,MALE,RURAL,39745,YES,0,YES,YES,NO,YES,NO
66,FEMALE,INNER_CITY,45189,YES,0,NO,YES,NO,NO,NO
63,MALE,INNER_CITY,37930,YES,0,NO,YES,NO,YES,NO
53,FEMALE,INNER_CITY,24042,NO,1,NO,NO,YES,NO,YES
33,FEMALE,INNER_CITY,31207,NO,0,YES,NO,YES,YES,YES
38,MALE,TOWN,24424,YES,0,NO,YES,YES,YES,NO
56,FEMALE,RURAL,24607,NO,1,NO,YES,YES,YES,NO
48,MALE,TOWN,43057,NO,1,YES,YES,YES,NO,YES
49,FEMALE,SUBURBAN,30198,YES,0,YES,NO,YES,YES,YES
54,FEMALE,RURAL,50186,YES,2,NO,YES,YES,YES,YES
41,FEMALE,SUBURBAN,22916,YES,0,NO,NO,YES,NO,NO
19,MALE,RURAL,9592,NO,0,NO,YES,YES,NO,YES
52,FEMALE,INNER_CITY,34253,NO,3,YES,NO,YES,NO,NO
52,FEMALE,INNER_CITY,22792,YES,1,YES,YES,NO,NO,YES
64,FEMALE,TOWN,51620,NO,2,YES,YES,YES,NO,YES
56,MALE,TOWN,19918,YES,3,NO,YES,YES,YES,NO
56,MALE,TOWN,29625,YES,2,NO,NO,YES,NO,NO
19,FEMALE,TOWN,12549,YES,0,NO,YES,YES,NO,NO
56,FEMALE,TOWN,51299,YES,1,YES,YES,NO,NO,YES
27,MALE,INNER_CITY,17364,YES,2,YES,YES,NO,NO,YES
59,FEMALE,INNER_CITY,29866,NO,1,YES,NO,YES,NO,YES
56,MALE,INNER_CITY,47750,YES,0,YES,YES,YES,YES,NO
21,MALE,TOWN,11281,YES,0,NO,YES,YES,YES,NO
64,MALE,INNER_CITY,34073,YES,3,NO,YES,NO,YES,NO
62,MALE,INNER_CITY,46870,YES,0,NO,YES,YES,NO,NO
44,FEMALE,INNER_CITY,38453,NO,2,NO,YES,YES,NO,YES
24,FEMALE,INNER_CITY,7756,NO,0,NO,NO,NO,NO,YES
52,FEMALE,INNER_CITY,28413,YES,0,NO,NO,YES,NO,NO
67,FEMALE,SUBURBAN,47198,YES,2,NO,YES,YES,NO,YES
41,MALE,INNER_CITY,20866,YES,0,YES,YES,YES,NO,NO
58,FEMALE,TOWN,33204,NO,1,NO,NO,NO,YES,YES
40,MALE,INNER_CITY,24823,NO,2,NO,NO,YES,NO,NO
19,MALE,SUBURBAN,17986,YES,0,NO,NO,YES,YES,YES
20,FEMALE,INNER_CITY,9909,YES,3,NO,NO,YES,NO,NO
56,FEMALE,TOWN,26542,NO,0,YES,YES,YES,NO,YES
46,FEMALE,INNER_CITY,32583,YES,2,YES,YES,YES,NO,NO
30,MALE,INNER_CITY,14606,YES,1,NO,NO,YES,NO,NO
40,FEMALE,TOWN,34836,YES,1,YES,YES,YES,NO,YES
36,FEMALE,TOWN,26920,YES,0,NO,NO,YES,NO,NO
57,FEMALE,INNER_CITY,38248,NO,3,YES,NO,YES,YES,NO
49,MALE,INNER_CITY,15689,NO,0,NO,NO,YES,NO,NO
61,MALE,INNER_CITY,30157,NO,1,YES,NO,NO,NO,YES
29,MALE,INNER_CITY,14642,NO,0,YES,NO,YES,NO,YES
48,FEMALE,INNER_CITY,15933,YES,0,NO,YES,NO,NO,NO
56,FEMALE,INNER_CITY,44288,YES,0,NO,YES,YES,NO,NO
40,MALE,TOWN,22197,NO,0,YES,NO,YES,NO,YES
58,FEMALE,TOWN,38248,YES,3,YES,YES,NO,NO,NO
60,FEMALE,INNER_CITY,22053,YES,2,YES,YES,NO,YES,NO
58,FEMALE,SUBURBAN,25468,NO,0,YES,NO,NO,YES,YES
67,FEMALE,TOWN,23485,YES,3,YES,NO,NO,YES,NO
40,MALE,RURAL,25768,YES,0,YES,YES,NO,NO,NO
48,MALE,INNER_CITY,34182,YES,2,NO,YES,YES,NO,YES
64,FEMALE,INNER_CITY,57444,NO,1,NO,YES,YES,NO,YES
43,MALE,TOWN,38059,YES,0,YES,YES,NO,YES,NO
34,FEMALE,RURAL,19481,NO,0,NO,NO,YES,YES,YES
26,MALE,RURAL,19563,NO,3,YES,NO,NO,YES,NO
48,MALE,INNER_CITY,38598,YES,0,YES,NO,YES,NO,NO
35,MALE,INNER_CITY,20754,NO,0,NO,NO,NO,YES,YES
24,FEMALE,INNER_CITY,13864,YES,3,NO,YES,YES,NO,YES
47,MALE,SUBURBAN,36599,YES,3,YES,YES,YES,NO,YES
52,MALE,SUBURBAN,45856,NO,1,NO,YES,YES,NO,YES
31,MALE,SUBURBAN,22362,NO,0,NO,YES,YES,NO,YES
41,FEMALE,SUBURBAN,21984,YES,1,YES,NO,NO,NO,YES
23,MALE,SUBURBAN,11073,YES,2,NO,YES,NO,NO,NO
27,FEMALE,INNER_CITY,18158,NO,1,YES,NO,YES,YES,YES
22,MALE,INNER_CITY,7304,NO,0,YES,YES,YES,YES,NO
67,FEMALE,INNER_CITY,58092,NO,2,YES,YES,YES,NO,YES
26,FEMALE,INNER_CITY,16518,YES,0,YES,NO,YES,NO,YES
58,FEMALE,SUBURBAN,46461,YES,0,NO,YES,YES,NO,NO
27,MALE,RURAL,20058,YES,0,NO,YES,YES,YES,NO
36,MALE,INNER_CITY,12533,NO,1,NO,YES,NO,YES,NO
31,MALE,RURAL,22848,YES,1,YES,NO,NO,NO,YES
28,FEMALE,TOWN,25699,YES,2,YES,YES,NO,NO,YES
57,MALE,TOWN,21612,YES,0,NO,YES,YES,YES,NO
64,MALE,INNER_CITY,48950,YES,0,YES,YES,YES,YES,NO
49,MALE,INNER_CITY,41438,NO,1,NO,YES,NO,NO,YES
22,MALE,INNER_CITY,11411,YES,1,YES,NO,YES,NO,NO
58,FEMALE,INNER_CITY,43940,YES,0,YES,YES,YES,NO,NO
20,MALE,TOWN,17239,NO,1,YES,NO,YES,NO,YES
44,FEMALE,RURAL,30488,YES,0,NO,YES,YES,NO,NO
65,FEMALE,TOWN,29866,YES,3,NO,YES,NO,NO,NO
53,FEMALE,INNER_CITY,32184,YES,2,YES,NO,NO,NO,YES
34,FEMALE,INNER_CITY,17308,YES,1,YES,NO,YES,YES,YES
35,MALE,RURAL,27863,NO,2,NO,YES,YES,YES,NO
48,MALE,TOWN,28920,YES,0,NO,YES,NO,YES,NO
64,FEMALE,TOWN,58367,YES,1,YES,YES,YES,NO,YES
46,MALE,TOWN,16849,NO,0,YES,YES,YES,YES,NO
42,FEMALE,RURAL,28138,YES,0,NO,NO,YES,YES,YES
47,MALE,INNER_CITY,23038,YES,0,YES,YES,NO,NO,NO
23,MALE,TOWN,11736,NO,2,YES,YES,YES,YES,NO
35,MALE,INNER_CITY,16479,YES,0,YES,NO,NO,YES,YES
64,FEMALE,INNER_CITY,31415,NO,1,YES,YES,NO,YES,YES
18,FEMALE,SUBURBAN,12117,YES,1,NO,NO,YES,NO,NO
19,MALE,INNER_CITY,15417,YES,1,YES,NO,YES,NO,NO
40,MALE,INNER_CITY,29414,YES,1,NO,YES,NO,YES,YES
47,MALE,INNER_CITY,44682,YES,0,YES,YES,YES,NO,NO
43,FEMALE,RURAL,36281,YES,0,YES,YES,YES,NO,NO
38,MALE,TOWN,33302,NO,0,YES,NO,YES,YES,YES
21,FEMALE,RURAL,15797,YES,0,NO,YES,YES,NO,YES
40,MALE,RURAL,31864,YES,0,YES,YES,YES,NO,NO
52,FEMALE,TOWN,43719,YES,0,NO,YES,YES,NO,NO
35,FEMALE,TOWN,30799,YES,2,NO,NO,YES,NO,YES
53,MALE,RURAL,48971,YES,3,YES,YES,NO,NO,YES
38,FEMALE,RURAL,34061,NO,0,YES,YES,YES,NO,YES
42,MALE,INNER_CITY,28938,YES,3,YES,NO,NO,NO,NO
43,MALE,TOWN,38540,NO,0,YES,YES,NO,YES,NO
59,FEMALE,INNER_CITY,27045,NO,0,NO,NO,YES,NO,YES
59,FEMALE,RURAL,51284,NO,0,YES,YES,YES,YES,NO
24,MALE,INNER_CITY,16352,NO,0,NO,YES,YES,YES,NO
27,FEMALE,INNER_CITY,11866,YES,0,YES,YES,YES,NO,NO
32,FEMALE,TOWN,13267,YES,0,YES,YES,YES,YES,NO
65,FEMALE,INNER_CITY,61554,YES,0,NO,YES,YES,NO,NO
18,MALE,SUBURBAN,13700,NO,1,NO,YES,YES,NO,NO
66,MALE,TOWN,46963,YES,1,NO,YES,YES,NO,YES
41,MALE,INNER_CITY,23475,YES,0,YES,NO,YES,YES,YES
64,FEMALE,SUBURBAN,24554,YES,0,YES,YES,NO,YES,NO
23,FEMALE,INNER_CITY,18050,YES,0,YES,NO,YES,YES,YES
29,FEMALE,RURAL,15237,YES,2,YES,NO,YES,NO,NO
28,MALE,TOWN,20555,NO,0,YES,YES,YES,NO,YES
57,FEMALE,TOWN,28421,YES,2,YES,YES,YES,YES,NO
38,MALE,INNER_CITY,21876,YES,0,NO,NO,YES,NO,NO
34,FEMALE,SUBURBAN,12810,NO,3,NO,YES,YES,NO,YES
43,MALE,SUBURBAN,15109,YES,0,NO,NO,YES,NO,YES
63,MALE,TOWN,37414,NO,3,YES,YES,YES,NO,NO
62,FEMALE,INNER_CITY,41521,YES,0,NO,YES,YES,YES,NO
51,FEMALE,INNER_CITY,25372,YES,0,YES,YES,YES,NO,NO
61,MALE,INNER_CITY,21139,YES,2,YES,YES,NO,NO,NO
41,FEMALE,TOWN,27757,NO,0,NO,YES,YES,NO,YES
31,FEMALE,TOWN,22678,NO,1,YES,YES,YES,YES,YES
33,FEMALE,TOWN,12178,YES,2,NO,YES,YES,YES,NO
43,MALE,RURAL,26106,NO,1,NO,NO,YES,NO,YES
40,MALE,INNER_CITY,27417,YES,0,NO,YES,YES,YES,NO
47,MALE,TOWN,23337,YES,2,NO,YES,YES,YES,NO
46,MALE,TOWN,43395,NO,1,YES,YES,YES,NO,YES
30,MALE,RURAL,11536,YES,2,NO,NO,YES,YES,NO
47,MALE,INNER_CITY,44658,NO,2,YES,YES,YES,NO,YES
44,MALE,RURAL,32762,NO,0,NO,YES,YES,YES,NO
23,MALE,RURAL,16403,YES,0,YES,YES,NO,NO,NO
28,FEMALE,INNER_CITY,21184,YES,1,YES,YES,YES,NO,YES
64,FEMALE,INNER_CITY,49917,YES,0,YES,YES,YES,YES,NO
35,FEMALE,TOWN,21623,YES,0,NO,YES,NO,YES,NO
19,MALE,RURAL,16625,YES,1,NO,NO,YES,NO,YES
27,FEMALE,TOWN,14014,YES,3,NO,YES,NO,NO,NO
27,MALE,INNER_CITY,20409,YES,2,NO,YES,NO,NO,YES
58,FEMALE,INNER_CITY,31671,YES,1,YES,YES,NO,YES,YES
46,FEMALE,TOWN,17149,NO,1,YES,YES,YES,NO,YES
61,FEMALE,TOWN,27756,YES,0,YES,YES,NO,YES,YES
59,MALE,INNER_CITY,40949,NO,0,NO,YES,YES,NO,YES
47,FEMALE,RURAL,43743,YES,3,NO,YES,YES,NO,NO
44,MALE,INNER_CITY,38459,YES,0,NO,NO,NO,YES,YES
50,MALE,TOWN,40972,NO,2,YES,YES,YES,YES,YES
64,MALE,INNER_CITY,46587,NO,0,NO,YES,YES,NO,YES
51,FEMALE,TOWN,43799,NO,0,NO,YES,YES,YES,NO
46,FEMALE,TOWN,18912,YES,0,YES,NO,YES,NO,YES
39,FEMALE,INNER_CITY,27765,YES,3,YES,YES,NO,NO,NO
58,FEMALE,INNER_CITY,33007,NO,1,YES,NO,YES,NO,YES
32,FEMALE,TOWN,26325,YES,0,YES,NO,NO,NO,NO
22,FEMALE,INNER_CITY,15308,NO,0,YES,YES,YES,YES,NO
63,FEMALE,INNER_CITY,59805,YES,1,YES,YES,YES,NO,YES
35,FEMALE,TOWN,28658,YES,0,YES,YES,YES,NO,NO
59,FEMALE,INNER_CITY,23175,YES,0,NO,NO,NO,YES,YES
22,FEMALE,SUBURBAN,11595,NO,0,YES,YES,YES,NO,YES
60,MALE,SUBURBAN,50409,NO,2,NO,YES,YES,YES,YES
23,FEMALE,RURAL,11215,YES,2,YES,YES,YES,NO,YES
29,FEMALE,TOWN,13327,YES,0,NO,YES,NO,NO,NO
44,MALE,INNER_CITY,16088,YES,3,NO,YES,YES,NO,NO
63,FEMALE,TOWN,43943,YES,0,YES,YES,YES,YES,NO
25,FEMALE,RURAL,14505,NO,3,NO,YES,YES,NO,NO
37,MALE,INNER_CITY,33886,NO,0,YES,YES,NO,NO,YES
48,FEMALE,INNER_CITY,16662,YES,1,NO,YES,YES,NO,YES
35,FEMALE,TOWN,20262,NO,0,NO,YES,NO,NO,YES
51,MALE,TOWN,33615,YES,1,NO,YES,NO,YES,YES
27,FEMALE,TOWN,22007,NO,3,NO,NO,YES,NO,NO
56,FEMALE,INNER_CITY,28981,YES,3,YES,YES,YES,YES,NO
38,FEMALE,INNER_CITY,12163,YES,2,YES,NO,YES,NO,YES
36,FEMALE,TOWN,17247,YES,2,YES,YES,YES,NO,NO
27,MALE,SUBURBAN,12683,NO,3,NO,YES,YES,YES,NO
34,FEMALE,TOWN,16291,YES,0,YES,YES,NO,YES,NO
44,MALE,SUBURBAN,18707,YES,0,YES,YES,YES,YES,YES
43,FEMALE,INNER_CITY,19326,YES,1,NO,NO,YES,NO,YES
32,MALE,INNER_CITY,14511,NO,2,NO,YES,NO,YES,NO
21,FEMALE,TOWN,10672,NO,1,NO,YES,YES,YES,NO
30,FEMALE,INNER_CITY,25830,YES,2,NO,NO,YES,NO,NO
55,MALE,RURAL,43499,YES,1,YES,YES,YES,NO,NO
64,MALE,SUBURBAN,59175,YES,1,NO,YES,YES,NO,YES
36,FEMALE,INNER_CITY,27642,NO,1,YES,NO,NO,NO,YES
59,MALE,INNER_CITY,30067,NO,1,NO,YES,YES,NO,YES
60,MALE,INNER_CITY,29714,YES,0,YES,NO,YES,YES,YES
27,FEMALE,TOWN,13950,NO,1,YES,YES,YES,YES,NO
29,MALE,INNER_CITY,10072,YES,0,NO,NO,YES,NO,NO
53,FEMALE,INNER_CITY,37850,NO,1,NO,YES,YES,NO,YES
61,FEMALE,RURAL,57176,NO,2,NO,YES,YES,NO,YES
43,FEMALE,INNER_CITY,38784,YES,0,NO,YES,YES,NO,NO
19,MALE,INNER_CITY,10191,YES,0,NO,YES,YES,YES,YES
48,FEMALE,INNER_CITY,21821,YES,1,YES,YES,NO,YES,YES
39,MALE,RURAL,37389,YES,2,NO,YES,YES,NO,YES
32,MALE,INNER_CITY,14627,YES,2,YES,YES,YES,NO,NO
63,MALE,SUBURBAN,48770,YES,1,YES,YES,NO,YES,YES
46,MALE,RURAL,21096,YES,1,YES,YES,YES,NO,YES
40,MALE,INNER_CITY,36256,NO,0,NO,NO,YES,YES,YES
27,FEMALE,INNER_CITY,15281,NO,0,YES,NO,NO,YES,YES
22,MALE,SUBURBAN,9316,YES,2,YES,YES,YES,NO,NO
42,MALE,RURAL,20736,YES,1,YES,YES,YES,NO,YES
58,FEMALE,TOWN,52662,YES,1,YES,YES,YES,YES,YES
23,FEMALE,INNER_CITY,8020,YES,1,YES,NO,YES,NO,NO
58,MALE,SUBURBAN,32245,YES,3,NO,NO,NO,NO,NO
45,MALE,INNER_CITY,41107,YES,2,YES,YES,YES,NO,NO
49,FEMALE,SUBURBAN,39358,YES,0,YES,NO,NO,YES,NO
67,FEMALE,INNER_CITY,36095,YES,3,YES,YES,YES,NO,NO
20,FEMALE,TOWN,7723,YES,2,YES,YES,YES,NO,NO
43,FEMALE,RURAL,18565,YES,1,YES,YES,YES,YES,YES
41,MALE,RURAL,25132,YES,0,NO,NO,YES,NO,NO
38,FEMALE,SUBURBAN,31290,YES,0,NO,YES,YES,NO,NO
67,FEMALE,SUBURBAN,24858,YES,0,NO,NO,YES,YES,YES
40,MALE,INNER_CITY,16398,NO,1,NO,YES,YES,NO,YES
25,FEMALE,SUBURBAN,23287,NO,0,NO,NO,YES,YES,YES
57,FEMALE,RURAL,50897,YES,0,NO,YES,YES,NO,NO
32,FEMALE,INNER_CITY,22446,NO,1,NO,NO,YES,YES,YES
44,MALE,SUBURBAN,23092,YES,0,YES,NO,YES,YES,YES
30,MALE,TOWN,24867,YES,0,YES,YES,NO,NO,NO
43,MALE,TOWN,22234,YES,0,NO,NO,YES,YES,NO
19,FEMALE,INNER_CITY,17371,YES,2,YES,YES,YES,NO,NO
37,FEMALE,TOWN,29574,YES,0,YES,YES,YES,NO,NO
49,MALE,INNER_CITY,17944,NO,1,YES,YES,YES,YES,YES
49,FEMALE,RURAL,33665,NO,3,YES,NO,YES,NO,NO
40,MALE,INNER_CITY,36166,YES,0,NO,NO,NO,NO,NO
33,FEMALE,SUBURBAN,27712,NO,2,NO,YES,YES,NO,YES
39,MALE,TOWN,22400,YES,2,YES,YES,YES,NO,NO
43,FEMALE,INNER_CITY,28469,YES,0,YES,YES,YES,NO,NO
37,MALE,TOWN,30488,YES,0,NO,YES,YES,YES,NO
24,FEMALE,TOWN,19160,YES,1,YES,YES,YES,NO,YES
62,MALE,TOWN,45342,YES,0,YES,YES,NO,NO,YES
18,MALE,INNER_CITY,6294,NO,0,NO,YES,YES,YES,NO
47,FEMALE,TOWN,25127,YES,0,YES,NO,NO,NO,NO
63,MALE,SUBURBAN,51879,YES,2,YES,YES,NO,YES,YES
20,MALE,TOWN,12644,YES,2,YES,NO,YES,YES,NO
46,FEMALE,TOWN,21984,NO,3,NO,YES,NO,NO,NO
47,FEMALE,RURAL,29093,NO,2,YES,YES,YES,NO,NO
33,MALE,TOWN,23528,YES,1,NO,YES,YES,YES,YES
20,MALE,TOWN,9516,NO,3,YES,YES,YES,NO,NO
20,MALE,INNER_CITY,18364,YES,1,NO,NO,YES,NO,YES
43,FEMALE,TOWN,31273,NO,1,YES,YES,NO,NO,YES
58,MALE,RURAL,49673,YES,0,NO,YES,YES,NO,NO
29,MALE,SUBURBAN,12623,YES,1,YES,YES,YES,NO,NO
25,MALE,INNER_CITY,23818,YES,0,NO,NO,NO,NO,NO
40,FEMALE,INNER_CITY,31473,NO,2,NO,YES,YES,YES,YES
48,MALE,TOWN,20268,YES,0,NO,YES,YES,NO,NO
65,MALE,SUBURBAN,51417,YES,2,NO,YES,YES,NO,YES
59,FEMALE,RURAL,30971,YES,3,YES,YES,YES,YES,NO
61,FEMALE,INNER_CITY,47025,NO,2,YES,YES,YES,YES,NO
30,FEMALE,INNER_CITY,9672,YES,0,YES,YES,YES,NO,NO
31,FEMALE,TOWN,15976,YES,0,YES,YES,NO,NO,YES
29,MALE,INNER_CITY,14711,YES,0,NO,YES,NO,YES,NO
38,MALE,TOWN,26671,NO,0,YES,NO,YES,YES,YES
